algorithm,entries,cacheReferences,cacheReferencesRelat,cacheMisses,cacheMissesRelat,taskClock,taskClockRelat,cycles,cyclesRelat,instructions,instructionsRelat,elapsedSeconds
"quick_sort_demo",90000,284730,3.551,78626,27.614,80.18,7.502,37477468,0.467,33263160,0.89,0.010687603
"quick_sort_demo",0,153476,19.037,38780,25.268,8.06,4.656,3939373,0.489,2941853,0.75,0.001731702
"radix_sort_demo",700,163229,19.647,38940,23.856,8.31,4.800,3840185,0.462,2788162,0.73,0.001730818
"quick_sort_demo",800000,1307893,1.951,299274,22.882,670.54,7.904,315549271,0.471,295648326,0.94,0.084837023
"prime_custom_demo",20000000,22421878,1.634,7093386,31.636,13724.41,7.995,6817762627,0.497,10065854356,1.48,1.716536587
"prime_demo",4000,262906,15.583,79111,30.091,16.87,5.627,9471514,0.561,6194007,0.65,0.002998333
"quick_sort_demo",200,152253,22.982,38494,25.283,6.62,6.489,3274713,0.494,3077640,0.94,0.001020912
"prime_custom_demo",60,376778,39.310,58960,15.648,9.58,5.912,7637315,0.797,6687338,0.88,0.001621346
"quick_sort_demo",9,146571,18.053,34162,23.307,8.12,4.769,3735668,0.460,2779014,0.74,0.001702513
"quick_sort_demo",6000,166861,11.225,33689,20.190,14.87,5.284,6056391,0.407,3709931,0.61,0.002813221
"bubble_sort_demo",4000,290869,2.349,87414,30.053,123.84,7.493,59748971,0.482,100481211,1.68,0.016528226
"prime_custom_demo",90000,860570,33.112,127460,14.811,25.99,7.122,30334315,1.167,40277649,1.33,0.003649237
"prime_custom_demo",70000,700304,33.636,111590,15.935,20.82,6.817,23639755,1.135,30932791,1.31,0.003053909
"bubble_sort_demo",60000,253974496,6.276,12127075,4.775,40466.61,7.999,19845880010,0.490,22096953631,1.11,5.059001736
"radix_sort_demo",50000,249206,12.497,45398,18.217,19.94,6.178,9073584,0.455,8994376,0.99,0.003227894
"quick_sort_demo",20,155192,16.273,42421,27.335,9.54,5.205,4806173,0.504,3197845,0.67,0.001832408
"quick_sort_demo",5000,170989,13.919,38147,22.310,12.28,5.759,5377944,0.438,4013565,0.75,0.002133047
"bubble_sort_demo",200,146291,19.624,34585,23.641,7.45,4.672,3478603,0.467,3037254,0.87,0.001595609
"prime_demo",90,151171,17.589,37390,24.734,8.59,5.322,4081250,0.475,2914841,0.71,0.001614970
"bubble_sort_demo",0,185497,26.383,47492,25.603,7.03,5.215,3590998,0.511,3223782,0.90,0.001348137
"radix_sort_demo",4000,153493,15.251,44907,29.257,10.06,5.521,4905710,0.487,3664710,0.75,0.001822827
"quick_sort_demo",0,164113,20.526,38135,23.237,8.00,5.249,4084211,0.511,2990162,0.73,0.001523301
"radix_sort_demo",10000,173038,14.085,51887,29.986,12.28,6.227,6292611,0.512,4539505,0.72,0.001972885
"prime_custom_demo",5000000,6817864,2.950,1337175,19.613,2310.81,7.973,1173117480,0.508,1681384787,1.43,0.289838505
"prime_custom_demo",0,317070,38.093,61894,19.521,8.32,6.025,7799400,0.937,8269371,1.06,0.001381536
"quick_sort_demo",5,150756,26.095,37368,24.787,5.78,4.270,2771661,0.480,2829918,1.02,0.001352919
"radix_sort_demo",2,149320,18.614,35481,23.762,8.02,4.582,3576272,0.446,2762277,0.77,0.001750728
"radix_sort_demo",10000,165181,17.272,41811,25.312,9.56,5.652,4309882,0.451,4121976,0.96,0.001692172
"quick_sort_demo",90,160877,18.421,35471,22.049,8.73,5.099,3722653,0.426,2741724,0.74,0.001712846
"prime_custom_demo",800,319007,42.368,65167,20.428,7.53,5.502,7713452,1.024,8998499,1.17,0.001368510
"radix_sort_demo",7,168169,22.349,37217,22.131,7.52,4.645,3343833,0.444,2419999,0.72,0.001619935
"prime_custom_demo",8,466387,30.440,175020,37.527,15.32,6.053,14746170,0.962,12756344,0.87,0.002531106
"bubble_sort_demo",70000,365564706,6.659,7780177,2.128,54901.83,7.999,26940033839,0.491,30067687035,1.12,6.863550451
"prime_demo",6000000,3919316,0.524,634926,16.200,7481.05,7.994,3579761074,0.479,4361373101,1.22,0.935818423
"radix_sort_demo",70000,320297,13.148,61416,19.175,24.36,6.698,11423359,0.469,11680105,1.02,0.003636729
"prime_custom_demo",300,423438,45.051,62673,14.801,9.40,6.058,8218164,0.874,7655246,0.93,0.001551438
"radix_sort_demo",9,169615,15.026,45178,26.636,11.29,6.478,5406170,0.479,3009171,0.56,0.001742345
"prime_custom_demo",40000,553863,34.156,96286,17.384,16.22,6.862,16859269,1.040,19959657,1.18,0.002363149
"quick_sort_demo",10,165589,19.522,37029,22.362,8.48,4.510,3812049,0.449,2798580,0.73,0.001880850
"prime_custom_demo",700000,1391529,6.426,369992,26.589,216.56,7.793,137189597,0.634,207244418,1.51,0.027787082
"quick_sort_demo",40,147444,19.149,36659,24.863,7.70,4.417,3644937,0.473,2854367,0.78,0.001743244
"quick_sort_demo",700,170763,23.808,40330,23.618,7.17,5.364,3452272,0.481,2990928,0.87,0.001337211
"prime_custom_demo",900,388394,39.804,62796,16.168,9.76,5.707,8431759,0.864,8294464,0.98,0.001709869
"prime_demo",7000,160311,18.819,36786,22.947,8.52,5.028,3855870,0.453,3120926,0.81,0.001694137
"radix_sort_demo",40,165272,17.729,41124,24.883,9.32,5.503,4586422,0.492,3067747,0.67,0.001694086
"quick_sort_demo",8,152169,18.295,35105,23.070,8.32,4.483,3695476,0.444,2847390,0.77,0.001855339
"bubble_sort_demo",7,173991,18.582,43643,25.083,9.36,5.710,4805318,0.513,3205291,0.67,0.001639824
"bubble_sort_demo",4,158555,23.925,35731,22.535,6.63,4.828,3058462,0.462,2810896,0.92,0.001372490
"prime_custom_demo",30000000,14666468,0.633,2318802,15.810,23178.57,7.998,11088627569,0.478,16857133105,1.52,2.897965954
"quick_sort_demo",600000,1020138,2.055,223449,21.904,496.42,7.851,233955013,0.471,220332874,0.94,0.063231282
"quick_sort_demo",600,142215,22.885,34751,24.436,6.21,4.692,2918617,0.470,2929982,1.00,0.001324463
"quick_sort_demo",500,180179,20.869,41035,22.775,8.63,5.291,4025117,0.466,3026046,0.75,0.001631867
"radix_sort_demo",900000,2114819,10.709,710659,33.604,197.48,7.642,94109814,0.477,115176223,1.22,0.025843110
"prime_demo",70000000,170391868,0.704,21067648,12.364,241989.89,8.000,116353992556,0.481,142347216704,1.22,30.249559871
"prime_custom_demo",30000000,48726353,2.068,5846559,11.999,23558.52,7.998,11475281050,0.487,17043908986,1.49,2.945730426
"prime_custom_demo",0,274154,32.978,63633,23.211,8.31,7.190,7880627,0.948,7924605,1.01,0.001156138
"prime_custom_demo",200000,1110637,21.256,215413,19.395,52.25,7.457,55938429,1.071,84932334,1.52,0.007006722
"quick_sort_demo",30000,251495,7.773,97391,38.725,32.36,6.758,16561425,0.512,13606788,0.82,0.004788011
"prime_custom_demo",0,428556,40.264,126991,29.632,10.64,5.297,9409858,0.884,8116133,0.86,0.002009528
"radix_sort_demo",400,167591,21.865,41365,24.682,7.66,4.647,3733790,0.487,3014748,0.81,0.001649381
"bubble_sort_demo",40,142668,19.799,33275,23.323,7.21,4.444,3540852,0.491,2780743,0.79,0.001621277
"prime_demo",40,201566,24.880,70119,34.787,8.10,4.939,4802663,0.593,3712528,0.77,0.001640437
"prime_custom_demo",3000,313823,43.485,70026,22.314,7.22,6.212,8010464,1.110,9003482,1.12,0.001161822
"prime_custom_demo",5000000,3056998,1.340,699402,22.879,2280.76,7.977,1124486379,0.493,1652227904,1.47,0.285907632
"quick_sort_demo",2,165161,26.997,39070,23.656,6.12,5.173,2986449,0.488,2925983,0.98,0.001182513
"quick_sort_demo",400,177784,20.610,36658,20.619,8.63,5.430,3875903,0.449,2918700,0.75,0.001588614
"prime_custom_demo",3,292454,41.501,68786,23.520,7.05,7.084,7444986,1.056,8958771,1.20,0.000994776
"quick_sort_demo",5000,159025,13.699,35841,22.538,11.61,5.152,5242220,0.452,4159018,0.79,0.002253365
"prime_custom_demo",200000000,266696044,0.910,41591124,15.595,293102.14,8.000,141256313784,0.482,218757651968,1.55,36.639222346
"quick_sort_demo",6,155500,17.543,35163,22.613,8.86,4.773,3753390,0.423,2811897,0.75,0.001856989
"radix_sort_demo",70000,329160,13.055,75758,23.016,25.21,6.667,12764696,0.506,12406504,0.97,0.003781961
"prime_demo",10,142812,23.304,35084,24.567,6.13,4.272,3334216,0.544,2815841,0.84,0.001434601
"prime_demo",70,159096,20.414,40178,25.254,7.79,4.922,3666894,0.471,2847688,0.78,0.001583414
"radix_sort_demo",500,158428,20.461,34673,21.886,7.74,4.682,3883301,0.502,2907188,0.75,0.001653861
"quick_sort_demo",60,172962,15.811,42242,24.423,10.94,6.689,5131752,0.469,2883197,0.56,0.001635415
"bubble_sort_demo",50,138218,20.825,33248,24.055,6.64,5.269,3066760,0.462,2765815,0.90,0.001259603
"prime_custom_demo",50,340044,33.848,94104,27.674,10.05,6.323,9419245,0.938,7162245,0.76,0.001588929
"prime_custom_demo",70,378927,49.595,63614,16.788,7.64,5.698,7738682,1.013,8490167,1.10,0.001340903
"prime_custom_demo",0,355419,48.422,108965,30.658,7.34,7.100,8898454,1.212,9488852,1.07,0.001033860
"radix_sort_demo",700,163036,15.013,34761,21.321,10.86,4.823,4469560,0.412,2296698,0.51,0.002251386
"prime_custom_demo",70000000,72901063,1.019,12214255,16.755,71522.76,7.999,34587805741,0.484,52965806301,1.53,8.941288547
"quick_sort_demo",60,188431,21.341,39277,20.844,8.83,5.010,3721732,0.422,2594289,0.70,0.001762252
"radix_sort_demo",900,143375,22.103,34381,23.980,6.49,5.004,3000796,0.463,2895356,0.96,0.001296338
"prime_custom_demo",0,439220,54.268,129758,29.543,8.09,6.730,8483870,1.048,8630376,1.02,0.001202611
"quick_sort_demo",70,148400,18.683,33518,22.586,7.94,4.503,3560957,0.448,2672104,0.75,0.001763966
"quick_sort_demo",1,158027,18.482,36513,23.106,8.55,4.570,3540442,0.414,2686853,0.76,0.001871004
"prime_custom_demo",9000000,5114198,1.057,1100355,21.516,4838.98,7.986,2343948987,0.484,3473150544,1.48,0.605898589
"radix_sort_demo",3,141050,23.794,35127,24.904,5.93,5.228,2970573,0.501,2887613,0.97,0.001133796
"radix_sort_demo",900,305618,24.213,161044,52.695,12.62,5.500,9025651,0.715,6270172,0.69,0.002295024
"prime_demo",900000,521510,0.951,161261,30.922,548.33,7.881,262235166,0.478,307085707,1.17,0.069578869
"radix_sort_demo",9000,174488,17.146,40284,23.087,10.18,5.391,4628594,0.455,3870749,0.84,0.001887594
"quick_sort_demo",1000,142530,17.364,36941,25.918,8.21,4.780,3911840,0.477,3162117,0.81,0.001717298
"prime_custom_demo",7000000,3835449,1.096,784899,20.464,3499.06,7.983,1700873526,0.486,2516954107,1.48,0.438332044
"radix_sort_demo",10,162368,20.733,37357,23.008,7.83,5.076,3761963,0.480,2848702,0.76,0.001542771
"prime_demo",0,142174,18.956,34754,24.445,7.50,5.302,3358323,0.448,2801863,0.83,0.001414643
"bubble_sort_demo",100,147656,19.326,34340,23.257,7.64,5.096,3475105,0.455,2871863,0.83,0.001499253
"prime_custom_demo",500000,1383457,7.584,356380,25.760,182.41,7.785,140498268,0.770,167453543,1.19,0.023429598
"radix_sort_demo",0,244710,25.657,65095,26.601,9.54,5.375,5803991,0.609,4719806,0.81,0.001774618
"radix_sort_demo",100,153030,24.631,36288,23.713,6.21,4.787,3013420,0.485,2893881,0.96,0.001297786
"prime_custom_demo",1000000,1926410,6.046,555659,28.844,318.64,7.975,198892818,0.624,297087881,1.49,0.039954811
"prime_demo",700,159035,16.778,41523,26.109,9.48,5.252,4404134,0.465,3016587,0.68,0.001804887
"radix_sort_demo",8,154517,23.024,44277,28.655,6.71,7.056,3370587,0.502,3141551,0.93,0.000951060
"quick_sort_demo",0,144268,17.342,34967,24.238,8.32,4.771,3842776,0.462,2846147,0.74,0.001743710
"radix_sort_demo",300000,797014,10.973,124706,15.647,72.63,7.187,34031993,0.469,40562213,1.19,0.010105816
"quick_sort_demo",50,185130,17.414,35208,19.018,10.63,5.331,4670352,0.439,2615350,0.56,0.001994075
"prime_custom_demo",3,294918,28.701,87285,29.596,10.28,6.743,9995969,0.973,9203083,0.92,0.001523934
"quick_sort_demo",40000,263102,6.537,94891,36.066,40.25,7.018,22086216,0.549,20542643,0.93,0.005735173
"prime_custom_demo",1000,298369,35.119,64207,21.519,8.50,5.801,8748034,1.030,10285272,1.18,0.001464546
"prime_custom_demo",30000,413696,34.873,88869,21.482,11.86,7.380,13428433,1.132,15230971,1.13,0.001607460
"bubble_sort_demo",600,156300,13.881,35473,22.695,11.26,5.234,5190498,0.461,4975534,0.96,0.002151337
"bubble_sort_demo",0,189891,22.066,51737,27.246,8.61,4.950,4609553,0.536,3416210,0.74,0.001738660
"prime_custom_demo",80,300232,36.510,79267,26.402,8.22,7.104,6997261,0.851,7609671,1.09,0.001157542
"quick_sort_demo",7000,198294,11.764,46666,23.534,16.86,6.434,7552110,0.448,4903693,0.65,0.002619971
"prime_custom_demo",20,380709,51.358,99513,26.139,7.41,6.625,8191471,1.105,8420110,1.03,0.001118990
"prime_custom_demo",10,384757,48.787,104452,27.148,7.89,7.127,7837134,0.994,7754654,0.99,0.001106547
"prime_demo",6000,168762,19.102,37660,22.315,8.83,5.517,3942861,0.446,3194674,0.81,0.001601466
"prime_demo",10000000,6823940,0.446,849642,12.451,15308.63,7.996,7296996414,0.477,8913372298,1.22,1.914624920
"radix_sort_demo",800000,1893475,10.869,561113,29.634,174.21,7.722,84236524,0.484,102774119,1.22,0.022558318
"prime_custom_demo",2,351245,51.794,59735,17.007,6.78,5.169,7372274,1.087,8628489,1.17,0.001311934
"radix_sort_demo",800,190844,32.955,35832,18.776,5.79,3.322,2794368,0.483,1431881,0.51,0.001743169
"radix_sort_demo",9,157499,24.394,37465,23.787,6.46,5.162,3163764,0.490,2855224,0.90,0.001250790
"prime_demo",80000,165405,5.227,37413,22.619,31.64,6.460,14273825,0.451,13720863,0.96,0.004898066
"quick_sort_demo",4000,151632,12.678,42840,28.253,11.96,5.454,5603067,0.468,4106719,0.73,0.002192990
"prime_custom_demo",60,308541,40.791,82055,26.595,7.56,7.129,7461268,0.986,7740010,1.04,0.001061047
"prime_custom_demo",80000,729387,30.272,125972,17.271,24.09,7.704,28044547,1.164,36503585,1.30,0.003127544
"bubble_sort_demo",80000,886003692,11.645,34863967,3.935,76082.00,8.000,41817262734,0.550,40204420976,0.96,9.510768212
"radix_sort_demo",20000,182826,13.630,39842,21.792,13.41,5.549,5965541,0.445,5126764,0.86,0.002417300
"radix_sort_demo",60,172020,26.358,38156,22.181,6.53,5.035,3157875,0.484,2901910,0.92,0.001296088
"prime_custom_demo",500,383327,44.007,60869,15.879,8.71,5.553,7228809,0.830,7130972,0.99,0.001568650
"prime_demo",20,152427,19.199,36974,24.257,7.94,5.611,3683134,0.464,2934541,0.80,0.001415047
"prime_custom_demo",8000,272198,23.952,65643,24.116,11.36,5.607,6973743,0.614,7686321,1.10,0.002026970
"prime_demo",30,166752,15.961,41238,24.730,10.45,6.408,5167650,0.495,2881109,0.56,0.001630452
"quick_sort_demo",0,182958,23.471,47251,25.826,7.79,5.618,3865782,0.496,3140048,0.81,0.001387421
"quick_sort_demo",7,137667,18.472,31313,22.745,7.45,5.296,3530296,0.474,2688083,0.76,0.001407146
"prime_custom_demo",9,413803,37.117,70475,17.031,11.15,6.545,8533397,0.765,6571410,0.77,0.001703327
"radix_sort_demo",80,148060,16.166,47093,31.807,9.16,5.208,4627115,0.505,3184943,0.69,0.001758448
"quick_sort_demo",500,158776,25.083,35826,22.564,6.33,3.699,3210975,0.507,2972777,0.93,0.001711353
"quick_sort_demo",10,179897,18.896,38040,21.145,9.52,4.781,4118232,0.433,2746820,0.67,0.001991230
"bubble_sort_demo",0,203780,22.854,49126,24.107,8.92,5.032,4420790,0.496,3325724,0.75,0.001772039
"quick_sort_demo",30,140265,18.150,31465,22.433,7.73,4.765,3661304,0.474,2773517,0.76,0.001621831
"prime_demo",900,143733,20.184,34530,24.024,7.12,4.952,3475219,0.488,2844624,0.82,0.001438037
"prime_custom_demo",300000000,389083192,0.768,53160723,13.663,506295.83,8.000,242872306246,0.480,378893328169,1.56,63.289160932
"radix_sort_demo",90,150976,20.029,35387,23.439,7.54,5.228,3631318,0.482,2893190,0.80,0.001441847
"radix_sort_demo",50,161426,18.922,37030,22.939,8.53,5.171,3727973,0.437,2763797,0.74,0.001649892
"prime_custom_demo",20000000,44185000,3.165,9829656,22.247,13960.82,7.997,7073538650,0.507,10183437127,1.44,1.745811377
"bubble_sort_demo",80,158544,22.782,35621,22.468,6.96,4.481,3397187,0.488,2827389,0.83,0.001553119
"prime_demo",90000,197943,5.325,41428,20.929,37.17,6.837,16599315,0.447,15520130,0.93,0.005436554
"bubble_sort_demo",2000,165856,4.401,37765,22.770,37.69,6.560,16862785,0.447,26379215,1.56,0.005745546
"radix_sort_demo",5000,155969,17.146,36360,23.312,9.10,5.031,4049988,0.445,3390124,0.84,0.001807954
"prime_custom_demo",100000000,80167617,0.696,15144130,18.891,115152.07,7.999,55054958275,0.478,85031792381,1.54,14.395194264
"quick_sort_demo",10,141807,19.006,36105,25.461,7.46,5.762,3533603,0.474,2934328,0.83,0.001294873
"quick_sort_demo",40,161459,19.359,36491,22.601,8.34,4.635,4019381,0.482,2914119,0.73,0.001799520
"bubble_sort_demo",600,142871,12.843,36935,25.852,11.12,5.941,5157486,0.464,5095903,0.99,0.001872491
"bubble_sort_demo",1000,143312,9.446,36527,25.488,15.17,5.997,6855819,0.452,8689218,1.27,0.002529759
"prime_demo",3000000,2005979,0.702,426423,21.258,2856.11,7.976,1382422423,0.484,1654424294,1.20,0.358072507
"quick_sort_demo",200,171386,18.603,50222,29.303,9.21,5.125,4792820,0.520,3162982,0.66,0.001797740
"prime_demo",40000000,71188722,0.655,5854574,8.224,108753.52,7.999,52158715215,0.480,64041941252,1.23,13.595077029
"prime_custom_demo",300000,1376472,16.631,355917,25.857,82.77,7.250,80127713,0.968,128701672,1.61,0.011416689
"prime_custom_demo",50000000,57757215,1.261,11345223,19.643,45797.03,7.999,22385244709,0.489,33925208508,1.52,5.725146911
"radix_sort_demo",4,148116,17.356,34188,23.082,8.53,4.833,3778401,0.443,2675865,0.71,0.001765701
"quick_sort_demo",30,156768,17.570,34505,22.010,8.92,4.489,3863796,0.433,2821233,0.73,0.001987663
"prime_demo",3000,146611,20.105,40746,27.792,7.29,7.093,3505982,0.481,3211744,0.92,0.001028094
"bubble_sort_demo",30,157074,20.760,33410,21.270,7.57,4.662,3564889,0.471,2750853,0.77,0.001623044
"radix_sort_demo",200,185337,29.121,59624,32.171,6.36,4.672,4002362,0.629,3435429,0.86,0.001362285
"quick_sort_demo",3000,177901,14.545,42576,23.932,12.23,5.211,5501661,0.450,3714615,0.68,0.002347343
"prime_demo",70000,189706,7.240,36054,19.005,26.20,6.692,11509498,0.439,11102808,0.96,0.003915327
"bubble_sort_demo",700,158452,12.905,35290,22.272,12.28,5.689,5206188,0.424,5535942,1.06,0.002158226
"radix_sort_demo",20,171355,21.184,39535,23.072,8.09,5.138,3933621,0.486,2958148,0.75,0.001574307
"radix_sort_demo",60000,266311,12.267,46659,17.520,21.71,6.586,9781460,0.451,10269894,1.05,0.003296399
"quick_sort_demo",100,145647,22.897,35199,24.167,6.36,4.677,2908795,0.457,2660401,0.91,0.001359978
"prime_demo",0,151941,23.192,44041,28.986,6.55,7.013,3249969,0.496,3065434,0.94,0.000934129
"prime_demo",800000,495990,1.066,194783,39.272,465.23,7.889,227010454,0.488,264774682,1.17,0.058972451
"prime_custom_demo",9000000,12632086,2.573,1869498,14.800,4910.00,7.991,2446277770,0.498,3542737584,1.45,0.614435210
"bubble_sort_demo",500,136290,13.714,34104,25.023,9.94,5.619,4658834,0.469,4290376,0.92,0.001768580
"quick_sort_demo",9,147243,18.755,38459,26.119,7.85,5.049,3781770,0.482,2975176,0.79,0.001554850
"prime_custom_demo",40000,597625,38.805,95577,15.993,15.40,6.568,16795625,1.091,20175674,1.20,0.002344733
"quick_sort_demo",9000,162972,11.375,37863,23.233,14.33,5.839,6247040,0.436,5357589,0.86,0.002453850
"prime_custom_demo",700,329158,37.421,66590,20.230,8.80,5.570,9628044,1.095,11298717,1.17,0.001579256
"radix_sort_demo",90000,417585,13.335,89843,21.515,31.32,6.160,14917888,0.476,14533598,0.97,0.005083364
"prime_custom_demo",90000000,98741824,0.987,18836541,19.077,100015.86,7.999,48317748006,0.483,74130123028,1.53,12.503087768
"quick_sort_demo",4,177312,22.091,49575,27.959,8.03,4.722,4302279,0.536,3069737,0.71,0.001699735
"prime_custom_demo",80000000,73190751,0.856,14056018,19.205,85454.50,7.999,41192466062,0.482,63277105580,1.54,10.682618979
"prime_custom_demo",6,366041,51.220,62438,17.058,7.15,5.606,6715654,0.940,7215522,1.07,0.001274807
"prime_custom_demo",900000,1751694,6.126,465304,26.563,285.95,7.830,176290152,0.617,259980866,1.47,0.036518338
"prime_custom_demo",70,305018,41.198,76294,25.013,7.40,5.162,5681866,0.767,5900535,1.04,0.001434301
"prime_demo",60000,233027,11.615,7749,3.325,20.06,5.285,8714778,0.434,7179816,0.82,0.003795810
"prime_demo",300,140099,19.462,34348,24.517,7.20,5.106,3229925,0.449,2814283,0.87,0.001409837
"prime_demo",1000,126937,17.336,32063,25.259,7.32,4.869,3524738,0.481,2788261,0.79,0.001503746
"prime_custom_demo",400000,1405317,12.035,290814,20.694,116.77,7.580,93275799,0.799,145429690,1.56,0.015404591
"bubble_sort_demo",7,147199,18.962,35766,24.298,7.76,5.523,3489555,0.450,2908974,0.83,0.001405442
"radix_sort_demo",60000,314053,12.179,102033,32.489,25.79,6.263,12349435,0.479,10599661,0.86,0.004117015
"quick_sort_demo",5000,158151,14.784,35757,22.609,10.70,5.447,5010284,0.468,4199660,0.84,0.001963958
"prime_custom_demo",5,259657,38.617,70426,27.123,6.72,7.047,6667270,0.992,7921627,1.19,0.000954135
"prime_demo",5000000,3859396,0.663,752233,19.491,5821.03,7.989,2793472746,0.480,3385891560,1.21,0.728649398
"prime_custom_demo",90,397773,43.979,61412,15.439,9.04,6.105,8187320,0.905,8350782,1.02,0.001481579
"prime_custom_demo",90000,857218,31.915,127084,14.825,26.86,7.437,30321159,1.129,37127705,1.22,0.003611806
"prime_custom_demo",10000,336955,37.475,69209,20.540,8.99,7.261,9200148,1.023,10216154,1.11,0.001238308
"radix_sort_demo",40000,296203,16.033,107587,36.322,18.47,6.147,10804716,0.585,9636140,0.89,0.003005185
"bubble_sort_demo",800,139791,11.354,37912,27.120,12.31,6.792,5495516,0.446,6692531,1.22,0.001812783
"radix_sort_demo",9000,216662,27.929,20066,9.261,7.76,3.946,3511093,0.453,2234269,0.64,0.001965694
"radix_sort_demo",20,155928,17.347,39040,25.037,8.99,5.637,4373336,0.487,3092318,0.71,0.001594687
"bubble_sort_demo",0,320554,38.428,116165,36.239,8.34,5.395,8001966,0.959,7354414,0.92,0.001546067
"bubble_sort_demo",300,149859,14.553,39143,26.120,10.30,5.588,5015342,0.487,3602692,0.72,0.001842688
"bubble_sort_demo",200,142024,18.678,35577,25.050,7.60,5.112,3685954,0.485,3090290,0.84,0.001487558
"radix_sort_demo",100,203546,21.645,62565,30.738,9.40,4.519,4157033,0.442,2184498,0.53,0.002080992
"bubble_sort_demo",8000,455137,0.873,102043,22.420,521.36,7.883,247866506,0.475,385712468,1.56,0.066137224
"radix_sort_demo",600,320648,39.031,83222,25.954,8.22,5.532,6772008,0.824,7063321,1.04,0.001485149
"radix_sort_demo",1000,152352,21.267,37001,24.287,7.16,4.618,3504023,0.489,2965715,0.85,0.001551184
"bubble_sort_demo",1,181265,21.802,46250,25.515,8.31,5.199,4044743,0.486,3132656,0.77,0.001599191
"prime_custom_demo",4,481661,48.466,169809,35.255,9.94,5.327,11213693,1.128,8110036,0.72,0.001865609
"prime_demo",80,152583,19.927,35335,23.158,7.66,4.652,3362027,0.439,2610715,0.78,0.001646086
"prime_demo",7,154583,19.981,38593,24.966,7.74,5.108,3892687,0.503,2948357,0.76,0.001514637
"bubble_sort_demo",700,151129,10.927,40520,26.812,13.83,6.040,6766254,0.489,5968656,0.88,0.002290009
"prime_custom_demo",0,332511,46.160,70125,21.090,7.20,6.071,7994963,1.110,8725417,1.09,0.001186523
"prime_custom_demo",4000000,7070457,3.983,1542017,21.809,1775.38,7.964,925243558,0.521,1294493441,1.40,0.222923998
"bubble_sort_demo",7000,496116,1.223,142912,28.806,405.78,7.835,190276248,0.469,297545598,1.56,0.051793995
"prime_custom_demo",0,399540,32.258,61470,15.385,12.39,7.158,9633855,0.778,7835708,0.81,0.001730414
"bubble_sort_demo",6000,509310,1.696,149159,29.286,300.24,7.864,140064698,0.467,222505087,1.59,0.038177099
"radix_sort_demo",2000,163520,14.646,42480,25.978,11.16,5.993,5493786,0.492,3318960,0.60,0.001862920
"bubble_sort_demo",10,153589,20.300,39358,25.626,7.57,5.180,3827750,0.506,2919873,0.76,0.001460728
"prime_custom_demo",4000,378306,40.179,60091,15.884,9.42,5.362,7027277,0.746,6803709,0.97,0.001755831
"prime_custom_demo",9000,373395,41.228,92553,24.787,9.06,7.228,9435367,1.042,9996026,1.06,0.001253004
"quick_sort_demo",80,148063,19.234,35333,23.863,7.70,4.656,3827329,0.497,2887110,0.75,0.001653138
"prime_custom_demo",7000,341245,44.101,59862,17.542,7.74,5.267,8099639,1.047,9111509,1.12,0.001469103
"quick_sort_demo",800,201569,27.972,88166,43.740,7.21,7.102,5446023,0.756,4535292,0.83,0.001014697
"radix_sort_demo",700000,1707112,11.060,402050,23.551,154.34,7.562,72894370,0.472,89335465,1.23,0.020410088
"radix_sort_demo",1000,189007,17.637,40305,21.325,10.72,5.097,4525358,0.422,2877445,0.64,0.002102458
"bubble_sort_demo",90000,1034270155,11.095,38713149,3.743,93223.22,7.999,47949311978,0.514,51219033252,1.07,11.653930300
"quick_sort_demo",0,148639,18.905,36194,24.350,7.86,4.987,3418165,0.435,2762032,0.81,0.001576477
"prime_demo",700000,485711,1.216,145994,30.058,399.43,7.889,189678902,0.475,217957726,1.15,0.050632672
"quick_sort_demo",600,221670,24.055,65092,29.364,9.22,4.639,5649653,0.613,794575,0.14,0.001986630
"prime_demo",0,177305,19.992,38823,21.896,8.87,5.369,4238344,0.478,2883862,0.68,0.001651839
"quick_sort_demo",90000,273796,3.500,59222,21.630,78.22,7.232,35866701,0.459,32732314,0.91,0.010815590
"bubble_sort_demo",90,151747,18.445,39132,25.788,8.23,5.189,3941824,0.479,3042267,0.77,0.001585618
"prime_custom_demo",600,306990,43.280,70227,22.876,7.09,7.059,7799930,1.100,9183874,1.18,0.001004821
"quick_sort_demo",300000,624836,2.587,161522,25.850,241.57,7.709,116840358,0.484,110416018,0.95,0.031337304
"quick_sort_demo",8000,194507,14.277,61212,31.470,13.62,5.899,7228651,0.531,5788078,0.80,0.002309315
"radix_sort_demo",0,210789,29.705,52095,24.714,7.10,5.700,3593486,0.506,3277067,0.91,0.001244833
"bubble_sort_demo",10,170739,21.482,41438,24.270,7.95,4.640,4161145,0.524,2967965,0.71,0.001713106
"prime_demo",20000,134860,11.463,32787,24.312,11.77,5.278,5235096,0.445,4363221,0.83,0.002229118
"radix_sort_demo",8,179847,20.494,39449,21.935,8.78,4.626,3926844,0.447,2643479,0.67,0.001896856
"bubble_sort_demo",70,147759,19.193,35442,23.986,7.70,4.840,3638659,0.473,2887797,0.79,0.001590645
"radix_sort_demo",8000,221011,18.832,83707,37.875,11.74,5.560,6251667,0.533,5041471,0.81,0.002110645
"prime_demo",50000,168535,8.036,36984,21.944,20.97,6.262,9393562,0.448,8594970,0.91,0.003349113
"prime_demo",400000,345117,1.713,80002,23.181,201.49,7.686,91254045,0.453,102306613,1.12,0.026214312
"prime_custom_demo",600000,1512357,8.407,468895,31.004,179.90,7.757,125217567,0.696,190894325,1.52,0.023191586
"prime_demo",0,141354,18.559,32222,22.795,7.62,4.890,3372096,0.443,2690930,0.80,0.001557707
"prime_custom_demo",10,301133,40.651,68544,22.762,7.41,7.106,7379063,0.996,8332344,1.13,0.001042405
"bubble_sort_demo",40000,48484209,2.790,670013,1.382,17376.22,7.996,8269355237,0.476,9634616144,1.17,2.173248153
"prime_custom_demo",0,374050,44.530,62236,16.638,8.40,5.820,7114985,0.847,6808373,0.96,0.001443310
"prime_demo",0,146113,18.300,34443,23.573,7.98,5.382,3458659,0.433,2802288,0.81,0.001483516
"prime_demo",20000000,39376147,0.967,4330403,10.998,40720.75,7.998,19748337339,0.485,24078612891,1.22,5.091173842
"quick_sort_demo",900000,1453769,1.965,311526,21.429,739.96,7.899,354069784,0.478,338699078,0.96,0.093675550
"quick_sort_demo",50,131263,16.555,29554,22.515,7.93,4.880,3335656,0.421,2614399,0.78,0.001624738
"bubble_sort_demo",1,203922,22.420,51584,25.296,9.10,5.081,4635195,0.510,3383833,0.73,0.001790123
"bubble_sort_demo",3,171758,20.403,40039,23.311,8.42,4.913,3892724,0.462,2821803,0.72,0.001713400
"bubble_sort_demo",3000,247642,3.500,74501,30.084,70.75,7.276,34460777,0.487,56616725,1.64,0.009723830
"quick_sort_demo",1,208643,41.614,16378,7.850,5.01,2.938,2251728,0.449,618269,0.27,0.001706782
"prime_custom_demo",80,396993,41.315,65619,16.529,9.61,5.942,7702043,0.802,6810713,0.88,0.001617003
"bubble_sort_demo",10000,537287,0.613,153921,28.648,876.13,7.951,407565263,0.465,600241596,1.47,0.110192858
"quick_sort_demo",900,168173,20.429,44517,26.471,8.23,4.373,4400566,0.535,3361542,0.76,0.001882402
"prime_demo",30000000,16899198,0.235,1449589,8.578,72000.63,7.999,34226132162,0.475,42151042049,1.23,9.000936885
"bubble_sort_demo",3000,274086,3.754,103247,37.670,73.01,7.175,36090283,0.494,57772796,1.60,0.010174667
"quick_sort_demo",200000,493837,2.965,149703,30.314,166.57,7.640,80372058,0.482,73200567,0.91,0.021802915
"prime_demo",4,195998,19.324,48501,24.746,10.14,6.894,4623655,0.456,2957474,0.64,0.001471289
"prime_custom_demo",800000,2150920,8.776,632407,29.402,245.10,7.772,167408144,0.683,250380435,1.50,0.031537088
"prime_demo",9,174762,20.046,40231,23.020,8.72,5.620,3997368,0.459,2867307,0.72,0.001551338
"quick_sort_demo",7,164364,19.325,36457,22.181,8.51,4.473,3722409,0.438,2664997,0.72,0.001901246
"quick_sort_demo",8,221007,23.815,72681,32.886,9.28,4.954,5337690,0.575,3665646,0.69,0.001873472
"quick_sort_demo",3000,177702,18.035,39133,22.022,9.85,5.363,4901418,0.497,3719968,0.76,0.001837287
"prime_demo",60,145275,26.429,34220,23.555,5.50,4.575,2781524,0.506,2791938,1.00,0.001201603
"quick_sort_demo",30,140001,26.236,33948,24.248,5.34,4.254,2474224,0.464,2686927,1.09,0.001254503
"radix_sort_demo",6000,218183,26.589,99299,45.512,8.21,7.193,6264717,0.763,5409386,0.86,0.001140826
"prime_custom_demo",400,307030,36.879,66625,21.700,8.33,7.190,7909505,0.950,8789801,1.11,0.001157835
"prime_demo",600000,443462,1.379,145067,32.712,321.61,7.796,155240501,0.483,177340422,1.14,0.041255889
"quick_sort_demo",200,141637,16.508,32480,22.932,8.58,4.863,3562396,0.415,2680269,0.75,0.001764418
"quick_sort_demo",20000,165231,6.667,41992,25.414,24.78,6.523,11740732,0.474,8907898,0.76,0.003799325
"prime_custom_demo",200000,1437127,26.723,324739,22.596,53.78,7.397,59359486,1.104,78724347,1.33,0.007269903
"quick_sort_demo",40,156313,20.756,38085,24.365,7.53,5.179,3716926,0.494,2962128,0.80,0.001454224
"prime_custom_demo",600,344040,44.025,68398,19.881,7.81,7.153,8447192,1.081,9113665,1.08,0.001092424
"radix_sort_demo",600,165759,19.996,39850,24.041,8.29,5.321,3836682,0.463,2843411,0.74,0.001558038
"quick_sort_demo",8000,165121,11.655,34059,20.627,14.17,5.436,6173102,0.436,4990933,0.81,0.002606040
"prime_custom_demo",300000,1481466,18.090,367668,24.818,81.89,7.380,82874468,1.012,140375829,1.69,0.011096702
"radix_sort_demo",4000,193818,20.067,53326,27.513,9.66,4.814,4666667,0.483,3379496,0.72,0.002006410
"quick_sort_demo",50000,225962,4.823,61725,27.317,46.85,6.914,22475713,0.480,19536700,0.87,0.006775543
"prime_custom_demo",50000000,169053365,3.586,55033455,32.554,47143.37,7.999,24236632085,0.514,34504697771,1.42,5.894011020
"prime_custom_demo",900000,1937825,6.575,504593,26.039,294.74,7.784,180900916,0.614,270292129,1.49,0.037862153
"prime_custom_demo",6,331218,39.568,58944,17.796,8.37,5.756,6520383,0.779,6454226,0.99,0.001454226
"radix_sort_demo",200000,586556,11.233,75202,12.821,52.22,7.366,23078958,0.442,27324004,1.18,0.007089001
"radix_sort_demo",30000,220316,14.184,46024,20.890,15.53,5.940,6914780,0.445,6302999,0.91,0.002614956
"prime_custom_demo",4000,291077,35.167,63523,21.823,8.28,7.199,8236661,0.995,8872099,1.08,0.001149749
"radix_sort_demo",10,171094,19.017,41118,24.032,9.00,5.448,4332091,0.482,3049754,0.70,0.001651298
"prime_custom_demo",400000000,527903765,0.707,63246806,11.981,747120.90,8.000,357994449631,0.479,560885698143,1.57,93.392335213
"prime_custom_demo",90,386890,48.647,57850,14.953,7.95,5.499,7289046,0.917,6847549,0.94,0.001446398
"prime_custom_demo",0,231757,36.230,69671,30.062,6.40,5.933,5981455,0.935,7940405,1.33,0.001078265
"radix_sort_demo",3000,129866,16.691,33243,25.598,7.78,4.849,3723534,0.479,3163321,0.85,0.001604492
"quick_sort_demo",20,161752,19.304,37013,22.883,8.38,4.617,3901010,0.466,2899686,0.74,0.001814708
"radix_sort_demo",0,199237,20.956,47898,24.041,9.51,5.044,4465020,0.470,3186123,0.71,0.001884708
"quick_sort_demo",90,162483,27.860,36459,22.439,5.83,4.444,2787479,0.478,2769226,0.99,0.001312500
"prime_demo",80000000,594981159,1.886,119297650,20.051,315552.74,8.000,157224063722,0.498,177266209586,1.13,39.444751567
"radix_sort_demo",2000,146679,20.888,43138,29.410,7.02,7.079,3459446,0.493,3329747,0.96,0.000991923
"prime_custom_demo",60000000,55341943,0.950,11889305,21.483,58284.09,7.999,28179927704,0.483,43139503562,1.53,7.286488286
"prime_demo",400,151542,19.073,37821,24.957,7.95,4.914,3656002,0.460,2843944,0.78,0.001617035
"bubble_sort_demo",800,145692,11.524,34710,23.824,12.64,5.805,5724541,0.453,6662980,1.16,0.002177838
"radix_sort_demo",70,142891,24.722,35754,25.022,5.78,4.704,2846165,0.492,2836617,1.00,0.001228821
"quick_sort_demo",4,157731,24.476,37144,23.549,6.44,7.052,3429501,0.532,3119925,0.91,0.000913774
"bubble_sort_demo",80,157572,22.636,36738,23.315,6.96,5.482,3295231,0.473,2903003,0.88,0.001269826
"prime_demo",3,159175,19.582,35513,22.311,8.13,4.861,3732955,0.459,2810948,0.75,0.001672269
"bubble_sort_demo",900,138132,11.509,33966,24.590,12.00,6.372,5497842,0.458,7594516,1.38,0.001883696
"quick_sort_demo",0,155961,21.512,35301,22.635,7.25,4.944,3278431,0.452,2838542,0.87,0.001466410
"prime_custom_demo",70000,873721,41.092,189230,21.658,21.26,7.038,26550399,1.249,31489470,1.19,0.003021060
"radix_sort_demo",1,158724,20.002,36279,22.857,7.94,4.591,3799551,0.479,2839569,0.75,0.001728396
"prime_custom_demo",0,291041,35.302,64665,22.219,8.24,7.178,7099195,0.861,7816009,1.10,0.001148560
"radix_sort_demo",100000,361691,12.692,63769,17.631,28.50,7.753,12792979,0.449,15437782,1.21,0.003675774
"prime_custom_demo",20000,282249,21.746,87668,31.061,12.98,6.698,10701444,0.824,11526740,1.08,0.001937685
"prime_custom_demo",0,287424,41.674,66910,23.279,6.90,7.056,7034549,1.020,8500399,1.21,0.000977430
"bubble_sort_demo",9,173782,26.689,65785,37.855,6.51,7.020,4267730,0.655,3665061,0.86,0.000927597
"quick_sort_demo",300,154861,20.277,39137,25.272,7.64,5.001,3844695,0.503,2995286,0.78,0.001527013
"bubble_sort_demo",20000,2962552,0.749,624573,21.082,3957.69,7.989,1906161391,0.482,2406818353,1.26,0.495416732
"prime_custom_demo",80000,806845,35.753,150277,18.625,22.57,6.815,28249815,1.252,34414716,1.22,0.003311360
"quick_sort_demo",70000,280740,4.439,78860,28.090,63.24,6.997,29946251,0.474,26405907,0.88,0.009037883
"quick_sort_demo",7000,160007,12.106,35157,21.972,13.22,5.315,6035856,0.457,4772815,0.79,0.002486960
"prime_custom_demo",40,460307,59.680,129821,28.203,7.71,5.393,9886260,1.282,9227415,0.93,0.001430150
"quick_sort_demo",100000,266315,3.118,72798,27.335,85.41,7.285,40853149,0.478,36517643,0.89,0.011724703
"quick_sort_demo",5,176300,21.610,40411,22.922,8.16,4.297,3926774,0.481,2888289,0.74,0.001898741
"radix_sort_demo",7000,163791,15.873,41440,25.301,10.32,5.905,4988424,0.483,3950459,0.79,0.001747401
"prime_demo",100000,173093,4.425,38531,22.260,39.11,6.692,17563242,0.449,17586351,1.00,0.005845317
"bubble_sort_demo",20,135696,19.556,31723,23.378,6.94,4.537,3309583,0.477,2736097,0.83,0.001529429
"bubble_sort_demo",0,195057,25.443,49161,25.203,7.67,5.450,4255847,0.555,3363493,0.79,0.001406582
"prime_custom_demo",2,309131,58.760,46125,14.921,5.26,4.467,5228658,0.994,4983135,0.95,0.001177656
"radix_sort_demo",6,143013,20.728,36099,25.242,6.90,4.992,3280122,0.475,2806428,0.86,0.001382117
"bubble_sort_demo",70,163855,18.695,36942,22.546,8.76,5.463,3881089,0.443,2743788,0.71,0.001604391
"quick_sort_demo",8,170280,21.886,38067,22.356,7.78,5.235,3773254,0.485,2877814,0.76,0.001486283
"prime_demo",40000,90401,7.845,7825,8.656,11.52,3.297,4750381,0.412,1447667,0.30,0.003495249
"bubble_sort_demo",40,150305,27.135,36152,24.052,5.54,4.950,2837452,0.512,2847673,1.00,0.001118923
"prime_custom_demo",0,443821,52.500,83174,18.740,8.45,5.753,7745591,0.916,6333352,0.82,0.001469514
"quick_sort_demo",1000,153174,13.355,39997,26.112,11.47,5.621,5172923,0.451,3325312,0.64,0.002040374
"radix_sort_demo",3000,151574,18.942,37190,24.536,8.00,5.185,3792291,0.474,3197841,0.84,0.001543341
"prime_demo",500000,427155,1.653,146839,34.376,258.36,7.734,123081511,0.476,139330424,1.13,0.033403961
"prime_demo",2000000,725997,0.447,135664,18.687,1623.31,7.958,768711051,0.474,922233234,1.20,0.203990430
"prime_custom_demo",1,341835,46.296,70905,20.742,7.38,6.136,8382944,1.135,9517560,1.14,0.001203367
"quick_sort_demo",60000,233487,4.362,78823,33.759,53.52,7.293,26598115,0.497,23073274,0.87,0.007339550
"prime_custom_demo",30,368878,55.250,57398,15.560,6.68,5.346,6909818,1.035,7608066,1.10,0.001248942
"prime_demo",2,166545,15.951,41758,25.073,10.44,5.951,4945814,0.474,3011487,0.61,0.001754507
"prime_demo",7000000,3322190,0.359,597976,17.999,9260.05,7.993,4424870946,0.478,5381834676,1.22,1.158507593
"prime_demo",50000000,76017491,0.510,5331369,7.013,148985.58,8.000,71294528546,0.479,87845997235,1.23,18.624225581
"quick_sort_demo",4000,172953,12.956,37130,21.468,13.35,5.656,5559797,0.417,3722920,0.67,0.002360165
"prime_demo",0,151734,16.442,35126,23.150,9.23,5.632,4360553,0.472,2941020,0.67,0.001638755
"bubble_sort_demo",8000,515783,0.993,145174,28.146,519.46,7.891,249176970,0.480,388651784,1.56,0.065828698
"prime_custom_demo",3000000,3317898,2.737,838924,25.285,1212.40,7.970,626335170,0.517,899972049,1.44,0.152114143
"bubble_sort_demo",4000,456280,3.600,225210,49.358,126.75,7.938,65314126,0.515,105677783,1.62,0.015967061
"radix_sort_demo",60,149189,22.540,41444,27.780,6.62,7.023,3347769,0.506,3117666,0.93,0.000942417
"quick_sort_demo",70000,257827,4.108,78991,30.637,62.77,7.120,30244904,0.482,26893531,0.89,0.008816181
"prime_custom_demo",500,423491,57.354,73777,17.421,7.38,5.818,8717749,1.181,9868292,1.13,0.001269237
"prime_custom_demo",10000,373080,46.663,62583,16.775,8.00,5.938,8747942,1.094,10520637,1.20,0.001346437
"quick_sort_demo",30000,201524,6.035,44595,22.129,33.39,6.397,14623716,0.438,12020728,0.82,0.005220803
"bubble_sort_demo",8,156498,20.741,37603,24.028,7.55,4.866,3612186,0.479,2916662,0.81,0.001550605
"prime_demo",8000,157800,16.853,36081,22.865,9.36,5.245,4471325,0.478,3352865,0.75,0.001785173
"quick_sort_demo",3,157927,21.676,36978,23.415,7.29,4.722,3669168,0.504,2836740,0.77,0.001542847
"prime_demo",50,156832,20.812,35584,22.689,7.54,5.066,3549726,0.471,2833918,0.80,0.001487424
"bubble_sort_demo",0,200716,20.875,45234,22.536,9.62,5.267,4417099,0.459,3047507,0.69,0.001825654
"bubble_sort_demo",90,140649,17.594,33449,23.782,7.99,5.049,3843149,0.481,2904967,0.76,0.001583225
"quick_sort_demo",1,194634,18.888,58040,29.820,10.30,5.607,4657143,0.452,2902538,0.62,0.001837907
"quick_sort_demo",900,154006,17.489,31801,20.649,8.81,4.521,3694338,0.420,2826829,0.77,0.001947629
"radix_sort_demo",8000,167099,18.556,38521,23.053,9.01,4.917,4282805,0.476,3829462,0.89,0.001831461
"prime_custom_demo",700000,2080705,9.567,593482,28.523,217.48,7.751,151816129,0.698,225338515,1.48,0.028059258
"prime_demo",600,142082,20.100,33142,23.326,7.07,4.447,3427100,0.485,2739624,0.80,0.001589373
"bubble_sort_demo",8,150214,18.100,38192,25.425,8.30,4.921,4130491,0.498,2918449,0.71,0.001686361
"prime_demo",2000,140800,18.682,35082,24.916,7.54,4.804,3606742,0.479,2936987,0.81,0.001568952
"quick_sort_demo",9000,188507,12.894,40697,21.589,14.62,5.694,6838030,0.468,5409733,0.79,0.002567317
"quick_sort_demo",5,145747,21.998,41033,28.154,6.63,7.062,3392091,0.512,3090172,0.91,0.000938221
"radix_sort_demo",0,187158,22.753,49875,26.649,8.23,5.983,4181439,0.508,3391550,0.81,0.001374794
"bubble_sort_demo",30,158905,23.735,36552,23.002,6.69,4.305,3347044,0.500,2807979,0.84,0.001555256
"quick_sort_demo",0,141938,18.986,33337,23.487,7.48,4.979,3370505,0.451,2749721,0.82,0.001501461
"prime_custom_demo",1000,394019,50.876,63997,16.242,7.74,6.523,8452200,1.091,8736006,1.03,0.001187314
"quick_sort_demo",500,147879,24.904,35053,23.704,5.94,4.762,2902115,0.489,2948344,1.02,0.001246812
"prime_custom_demo",100000,975825,35.194,217602,22.299,27.73,7.262,32411963,1.169,37066156,1.14,0.003817880
"prime_custom_demo",60000,663428,35.121,111421,16.795,18.89,6.560,21392593,1.132,27599560,1.29,0.002879657
"quick_sort_demo",0,218273,22.803,59222,27.132,9.57,5.404,5236147,0.547,3030332,0.58,0.001771236
"radix_sort_demo",1,168252,20.980,39355,23.391,8.02,4.951,3921276,0.489,2951079,0.75,0.001619906
"prime_demo",200000,286643,3.437,75588,26.370,83.41,7.288,39591547,0.475,41801766,1.06,0.011443717
"quick_sort_demo",1000,144638,20.216,33353,23.060,7.15,4.767,3236943,0.452,2990923,0.92,0.001500810
"quick_sort_demo",600,148499,21.384,44701,30.102,6.94,7.071,3553668,0.512,3238591,0.91,0.000982052
"quick_sort_demo",700,144003,17.620,32278,22.415,8.17,4.932,3502173,0.429,2773448,0.79,0.001657218
"prime_custom_demo",2000000,3630876,4.900,910915,25.088,741.01,7.928,415858356,0.561,587475040,1.41,0.093468894
"radix_sort_demo",500000,1201403,10.218,229189,19.077,117.58,7.669,54869850,0.467,65837370,1.20,0.015330956
"prime_custom_demo",40,411346,48.844,86622,21.058,8.42,6.610,9040655,1.074,9147230,1.01,0.001274094
"bubble_sort_demo",30000,9881001,1.039,731964,7.408,9509.49,7.994,4544217630,0.478,5448146028,1.20,1.189539274
"bubble_sort_demo",2,181811,20.950,60730,33.403,8.68,5.078,4596633,0.530,3503230,0.76,0.001708959
"radix_sort_demo",30,169621,19.990,40886,24.104,8.49,5.559,4196615,0.495,3096751,0.74,0.001526348
"prime_demo",300000,381026,2.739,168125,44.124,139.10,7.704,67249468,0.483,72402463,1.08,0.018055015
"prime_demo",800,186181,22.813,50353,27.045,8.16,5.095,3963345,0.486,2169625,0.55,0.001601749
"quick_sort_demo",100,149828,15.329,39745,26.527,9.77,5.788,4891007,0.500,3104917,0.63,0.001688611
"prime_demo",6,159781,26.075,35180,22.018,6.13,4.644,2958246,0.483,2782936,0.94,0.001319500
"prime_demo",0,143023,26.064,34575,24.174,5.49,3.908,2686962,0.490,3449838,1.28,0.001404272
"prime_custom_demo",2000000,2142195,2.944,518155,24.188,727.73,7.962,384547741,0.528,560350886,1.46,0.091402323
"bubble_sort_demo",6,145846,19.251,37583,25.769,7.58,5.599,3615709,0.477,2984616,0.83,0.001353133
"bubble_sort_demo",5,177019,22.608,35983,20.327,7.83,4.606,3861616,0.493,2792981,0.72,0.001699855
"radix_sort_demo",80000,329755,12.015,59104,17.924,27.45,6.137,12500619,0.455,12802298,1.02,0.004472168
"prime_custom_demo",800,345586,50.040,67348,19.488,6.91,5.559,6897719,0.999,8007650,1.16,0.001242447
"prime_custom_demo",8,283122,37.532,75027,26.500,7.54,7.142,7415933,0.983,8095811,1.09,0.001056151
"bubble_sort_demo",60,139692,18.617,31705,22.696,7.50,4.774,3280370,0.437,2591816,0.79,0.001571821
"bubble_sort_demo",0,218752,21.838,49647,22.696,10.02,4.627,4415233,0.441,2832708,0.64,0.002164908
"bubble_sort_demo",60,154818,20.125,34358,22.193,7.69,5.206,3754530,0.488,2853671,0.76,0.001477547
"quick_sort_demo",0,168048,21.239,38937,23.170,7.91,4.666,3891466,0.492,2846262,0.73,0.001695934
"prime_custom_demo",2000,342614,48.777,70221,20.496,7.02,7.073,8124371,1.157,9621811,1.18,0.000993024
"bubble_sort_demo",5000,430302,2.196,187206,43.506,195.93,7.741,97156237,0.496,157222099,1.62,0.025309707
"quick_sort_demo",4000,149245,16.321,41479,27.793,9.14,7.281,4356694,0.476,4165000,0.96,0.001255977
"quick_sort_demo",7,155733,18.627,36945,23.723,8.36,4.586,3944029,0.472,2851864,0.72,0.001823290
"quick_sort_demo",10000,169671,10.471,44012,25.940,16.20,6.009,7116041,0.439,5704493,0.80,0.002696364
"prime_custom_demo",300,474204,51.887,135344,28.541,9.14,6.561,10268887,1.124,8065703,0.79,0.001392968
"bubble_sort_demo",2000,247806,6.359,86502,34.907,38.97,6.556,19233601,0.494,27934392,1.45,0.005944889
"quick_sort_demo",6000,188020,14.487,38856,20.666,12.98,5.336,5796215,0.447,4486067,0.77,0.002432485
"radix_sort_demo",0,241720,31.657,57391,23.743,7.64,5.438,7066113,0.925,7731269,1.09,0.001404024
"quick_sort_demo",7000,162717,11.941,36391,22.365,13.63,5.128,5858402,0.430,4743849,0.81,0.002657412
"prime_custom_demo",8000000,11522097,2.708,1767694,15.342,4255.05,7.988,2142952229,0.504,3039453422,1.42,0.532679006
"quick_sort_demo",700,146178,20.914,41380,28.308,6.99,7.097,3373902,0.483,3200592,0.95,0.000984793
"quick_sort_demo",9,186397,14.030,43448,23.309,13.29,5.883,5025456,0.378,2618016,0.52,0.002258301
"bubble_sort_demo",400,143318,18.248,35164,24.536,7.85,5.327,3694427,0.470,3785573,1.02,0.001474412
"prime_demo",30000,160905,10.690,36026,22.390,15.05,5.572,6575434,0.437,5615073,0.85,0.002701336
"radix_sort_demo",3,176171,24.101,38916,22.090,7.31,4.871,3691400,0.505,2863432,0.78,0.001500581
"prime_demo",4000000,2711702,0.640,524960,19.359,4239.50,7.984,2044954202,0.482,2481021476,1.21,0.531019622
"prime_custom_demo",4,201340,28.242,48308,23.993,7.13,5.599,5897173,0.827,8909283,1.51,0.001273188
"prime_custom_demo",40000000,55032152,1.613,9838751,17.878,34119.87,7.998,16797884605,0.492,25251498636,1.50,4.266160568
"bubble_sort_demo",0,191291,16.361,53739,28.093,11.69,5.961,5823320,0.498,3545797,0.61,0.001961470
"bubble_sort_demo",100,168020,16.590,43622,25.962,10.13,5.453,4933098,0.487,3033722,0.61,0.001857272
"radix_sort_demo",6000,140842,15.077,35036,24.876,9.34,5.573,4300897,0.460,3651175,0.85,0.001676168
"quick_sort_demo",6,150502,17.952,36706,24.389,8.38,5.607,3696385,0.441,2897309,0.78,0.001495139
"prime_custom_demo",0,324046,40.517,69964,21.591,8.00,7.132,7584769,0.948,8141330,1.07,0.001121382
"prime_custom_demo",30,393537,51.909,85366,21.692,7.58,5.910,7186498,0.948,7764805,1.08,0.001282775
"bubble_sort_demo",5000,407968,2.105,178989,43.873,193.77,7.683,97257738,0.502,157239241,1.62,0.025220533
"quick_sort_demo",6,166466,17.794,38876,23.354,9.36,5.464,4202376,0.449,2782824,0.66,0.001712036
"radix_sort_demo",0,189078,24.241,52723,27.884,7.80,4.821,4214065,0.540,3269062,0.78,0.001618071
"prime_custom_demo",100,384097,46.134,109750,28.574,8.33,6.575,9212139,1.106,9665967,1.05,0.001266238
"quick_sort_demo",60000,257574,4.631,72661,28.210,55.63,6.983,25916405,0.466,22858493,0.88,0.007966121
"bubble_sort_demo",2,181717,21.312,41414,22.790,8.53,4.955,4130445,0.484,2988310,0.72,0.001720700
"quick_sort_demo",0,157501,27.495,35754,22.701,5.73,4.235,2661046,0.465,2734810,1.03,0.001352486
"radix_sort_demo",0,231631,20.193,47106,20.337,11.47,5.039,4904918,0.428,2706958,0.55,0.002276218
"prime_custom_demo",40000000,294314480,8.113,102483519,34.821,36277.46,7.998,22279293611,0.614,27836645487,1.25,4.535675825
"radix_sort_demo",80,216856,20.759,79971,36.877,10.45,5.699,6941853,0.665,4004729,0.58,0.001833183
"prime_custom_demo",500000,1738500,11.903,437925,25.190,146.06,7.802,114127601,0.781,180260789,1.58,0.018720754
"quick_sort_demo",3,154316,26.214,38529,24.968,5.89,4.932,3012207,0.512,2952740,0.98,0.001193556
"prime_custom_demo",4000000,3310320,1.904,646814,19.539,1738.75,7.971,871277383,0.501,1266165789,1.45,0.218132617
"prime_custom_demo",600000,1715269,9.299,523169,30.501,184.45,7.728,134364835,0.728,203221099,1.51,0.023867716
"quick_sort_demo",0,146817,25.500,34433,23.453,5.76,4.447,2589960,0.450,2718133,1.05,0.001294658
"quick_sort_demo",400,179750,22.591,49874,27.746,7.96,5.152,4334153,0.545,3394133,0.78,0.001544498
"radix_sort_demo",80000,555375,20.484,109519,19.720,27.11,6.641,17936710,0.662,19879656,1.11,0.004082420
"quick_sort_demo",0,162571,17.197,36149,22.236,9.45,5.492,4021582,0.425,2787769,0.69,0.001721116
"prime_custom_demo",8000000,4209259,1.011,839259,19.938,4162.69,7.985,2015032724,0.484,2982649782,1.48,0.521284328
"bubble_sort_demo",4,190774,17.581,34128,17.889,10.85,5.343,4475064,0.412,2238099,0.50,0.002030992
"quick_sort_demo",0,155138,18.897,38010,24.501,8.21,4.864,3793671,0.462,2841161,0.75,0.001687835
"quick_sort_demo",2000,151554,18.406,35716,23.567,8.23,5.314,3742456,0.455,3396975,0.91,0.001549415
"prime_custom_demo",900,374671,52.084,63461,16.938,7.19,6.271,8026393,1.116,8541534,1.06,0.001147174
"radix_sort_demo",0,204302,22.946,50647,24.790,8.90,5.252,4734948,0.532,3439758,0.73,0.001695264
"prime_custom_demo",0,382979,42.913,60721,15.855,8.92,6.645,7903784,0.886,7888696,1.00,0.001343046
"quick_sort_demo",80,148991,23.959,35305,23.696,6.22,4.551,2978618,0.479,2788738,0.94,0.001366407
"quick_sort_demo",0,180640,21.127,38877,21.522,8.55,4.468,3864388,0.452,2858323,0.74,0.001913443
"radix_sort_demo",400,147560,18.908,34613,23.457,7.80,4.797,3664659,0.470,2779929,0.76,0.001626926
"quick_sort_demo",20000,192410,7.642,47873,24.881,25.18,6.333,11218707,0.446,8928793,0.80,0.003976021
"prime_custom_demo",7000000,13741520,3.836,1838141,13.377,3582.24,7.984,1873347352,0.523,2657656921,1.42,0.448686641
"quick_sort_demo",2,161444,19.330,36966,22.897,8.35,5.020,3700800,0.443,2792526,0.75,0.001663745
"radix_sort_demo",300,140534,19.099,34827,24.782,7.36,5.292,3411149,0.464,2823470,0.83,0.001390517
"radix_sort_demo",6,142526,19.869,34489,24.198,7.17,4.435,3225040,0.450,2704728,0.84,0.001617275
"prime_custom_demo",400,322986,47.890,64216,19.882,6.74,6.374,7752312,1.149,9011160,1.16,0.001058164
"bubble_sort_demo",50,173880,21.962,38789,22.308,7.92,5.259,4088049,0.516,3003149,0.73,0.001505447
"quick_sort_demo",70,171354,20.970,40292,23.514,8.17,4.493,4050268,0.496,3017415,0.74,0.001818752
"quick_sort_demo",2000,154899,13.015,40243,25.980,11.90,6.011,5774775,0.485,3456786,0.60,0.001980152
"bubble_sort_demo",0,199251,22.127,46597,23.386,9.00,5.152,4652067,0.517,3205308,0.69,0.001747883
"quick_sort_demo",400,141008,22.333,34515,24.477,6.31,4.806,2945971,0.467,2871739,0.97,0.001313600
"quick_sort_demo",800,141953,18.700,34805,24.519,7.59,4.803,3465065,0.456,2937030,0.85,0.001580556
"quick_sort_demo",700000,1139731,1.992,249997,21.935,572.28,7.875,273480734,0.478,257633269,0.94,0.072665782
"prime_custom_demo",100,214540,31.501,62910,29.323,6.81,5.796,5489787,0.806,7129359,1.30,0.001175015
"prime_custom_demo",6000000,6928955,2.382,1103000,15.919,2909.22,7.978,1448836462,0.498,2095341425,1.45,0.364648275
"bubble_sort_demo",20,160467,21.593,36571,22.790,7.43,5.647,3107881,0.418,2721036,0.88,0.001315927
"radix_sort_demo",400000,1037336,11.410,155664,15.006,90.91,7.437,44073076,0.485,53047993,1.20,0.012223748
"prime_custom_demo",5000,412194,37.114,61409,14.898,11.11,6.875,10166429,0.915,9282777,0.91,0.001615562
"prime_custom_demo",200,536811,65.448,111530,20.776,8.20,7.137,10802073,1.317,10211387,0.95,0.001149226
"prime_custom_demo",10000000,12672713,2.260,1839828,14.518,5607.59,7.995,2767777520,0.494,4021060198,1.45,0.701416787
"radix_sort_demo",50000,244887,12.150,47879,19.551,20.16,6.260,8888936,0.441,8929603,1.00,0.003219752
"prime_demo",200,167885,22.676,34993,20.843,7.40,5.096,3397450,0.459,2816986,0.83,0.001452746
"radix_sort_demo",30,156031,18.748,35020,22.444,8.32,5.018,3956514,0.475,2884639,0.73,0.001658441
"prime_custom_demo",700,501775,58.009,141468,28.194,8.65,7.213,11034761,1.276,9683725,0.88,0.001199291
"radix_sort_demo",5000,161536,17.943,39904,24.703,9.00,5.296,4251672,0.472,3580522,0.84,0.001699973
"prime_custom_demo",8000,343718,32.025,86849,25.268,10.73,6.300,10661628,0.993,11124777,1.04,0.001703604
"radix_sort_demo",40000,226691,13.052,43120,19.021,17.37,6.066,7750819,0.446,7709831,0.99,0.002863066
"radix_sort_demo",0,191451,22.045,45771,23.907,8.68,4.749,4310642,0.496,3144693,0.73,0.001828734
"prime_demo",9000000,4445585,0.338,595906,13.404,13167.46,7.995,6262064981,0.476,7652203124,1.22,1.646881299
"radix_sort_demo",600000,1537451,11.526,353517,22.994,133.39,7.572,66366163,0.498,79533089,1.20,0.017616069
"radix_sort_demo",30000,178607,12.826,40347,22.590,13.92,5.959,6586533,0.473,6530751,0.99,0.002336780
"radix_sort_demo",800,206714,34.159,72729,35.183,6.05,4.790,4546020,0.751,4040885,0.89,0.001263380
"quick_sort_demo",100,142947,18.500,32745,22.907,7.73,4.389,3533094,0.457,2634506,0.75,0.001760717
"quick_sort_demo",9000,173689,12.379,37512,21.597,14.03,5.788,6365978,0.454,5338092,0.84,0.002424103
"quick_sort_demo",50000,285863,5.918,101628,35.551,48.31,7.061,24518302,0.508,21034841,0.86,0.006841524
"prime_demo",1000000,657893,1.025,191167,29.057,641.87,7.910,303239379,0.472,354038796,1.17,0.081145754
"prime_custom_demo",10000000,4699777,0.850,841634,17.908,5531.03,7.989,2666316717,0.482,3978543770,1.49,0.692307262
"prime_custom_demo",5,355771,49.249,61350,17.244,7.22,5.906,7729609,1.070,8824814,1.14,0.001223077
"quick_sort_demo",900,176185,17.536,40927,23.230,10.05,5.079,4969540,0.495,2900543,0.58,0.001978287
"prime_demo",100,203319,23.834,66465,32.690,8.53,5.701,5249556,0.615,3819899,0.73,0.001496246
"radix_sort_demo",200,177961,27.908,39830,22.381,6.38,5.076,2954286,0.463,2848101,0.96,0.001256158
"prime_custom_demo",1,424442,45.325,141781,33.404,9.36,7.063,9930335,1.060,7877956,0.79,0.001325866
"prime_demo",8,140728,19.961,33318,23.675,7.05,5.040,3406724,0.483,2810136,0.82,0.001398932
"bubble_sort_demo",9000,656011,0.949,167309,25.504,691.18,7.913,328363006,0.475,492008174,1.50,0.087351839
"quick_sort_demo",80000,345298,4.821,139804,40.488,71.62,7.133,35954163,0.502,31208139,0.87,0.010039857
"quick_sort_demo",3,155699,18.892,35101,22.544,8.24,4.849,3655112,0.443,2741467,0.75,0.001699833
"radix_sort_demo",90,148838,21.463,42697,28.687,6.93,7.064,3470188,0.500,3140195,0.90,0.000981677
"quick_sort_demo",800,232927,18.466,77483,33.265,12.61,5.444,5963337,0.473,4412268,0.74,0.002316762
"quick_sort_demo",2000,161436,17.694,37431,23.186,9.12,5.107,4071195,0.446,3315701,0.81,0.001786352
"quick_sort_demo",400000,639615,1.923,146996,22.982,332.57,7.811,154554225,0.465,142906524,0.92,0.042578320
"prime_demo",0,146272,21.790,32972,22.542,6.71,4.925,3142331,0.468,2787692,0.89,0.001363079
"prime_custom_demo",6000,361145,36.358,73173,20.261,9.93,6.801,8697198,0.876,9239305,1.06,0.001460576
"prime_demo",5000,159757,17.865,33816,21.167,8.94,4.656,4218327,0.472,3057819,0.72,0.001920682
"quick_sort_demo",20,158091,18.355,35606,22.522,8.61,4.920,3749030,0.435,2762163,0.74,0.001750490
"prime_demo",1,157230,20.207,39754,25.284,7.78,4.651,3869482,0.497,2939539,0.76,0.001673016
"radix_sort_demo",4,151421,19.222,37288,24.625,7.88,4.578,3766080,0.478,2923902,0.78,0.001720558
"quick_sort_demo",90,159349,19.287,37731,23.678,8.26,4.888,3924082,0.475,2906919,0.74,0.001690183
"bubble_sort_demo",6,152793,18.827,35706,23.369,8.12,4.779,3585540,0.442,2661403,0.74,0.001698243
"bubble_sort_demo",9000,915718,1.319,220188,24.045,694.42,7.908,334013739,0.481,493819271,1.48,0.087815892
"prime_custom_demo",5000,373497,38.061,66847,17.898,9.81,5.263,9102867,0.928,8674599,0.95,0.001864447
"prime_custom_demo",50000,626077,33.688,92022,14.698,18.58,6.642,18509291,0.996,22611038,1.22,0.002798214
"radix_sort_demo",7,221006,40.062,18391,8.321,5.52,2.980,2362283,0.428,654585,0.28,0.001850968
"prime_custom_demo",0,481825,68.486,85108,17.664,7.04,5.477,8353385,1.187,9032494,1.08,0.001284588
"radix_sort_demo",300,160220,19.994,39042,24.368,8.01,4.625,3585365,0.447,2873246,0.80,0.001732777
"radix_sort_demo",2,147753,20.010,36265,24.544,7.38,5.028,3561924,0.482,2904110,0.82,0.001468662
"prime_custom_demo",20000,487716,33.233,70523,14.460,14.68,7.324,13774751,0.939,12385848,0.90,0.002003765
"quick_sort_demo",50,149013,15.689,31814,21.350,9.50,4.737,3870854,0.408,2494465,0.64,0.002005030
"radix_sort_demo",5,147946,20.828,37535,25.371,7.10,4.914,3308003,0.466,2930078,0.89,0.001445663
"prime_custom_demo",7,332350,41.335,67188,20.216,8.04,6.670,7806519,0.971,8959652,1.15,0.001205482
"prime_custom_demo",9000,356753,42.989,67916,19.037,8.30,5.770,8086622,0.974,10083627,1.25,0.001438376
"prime_custom_demo",200,275405,36.384,62021,22.520,7.57,7.147,7336920,0.969,8100359,1.10,0.001059082
"quick_sort_demo",70,182472,19.408,43875,24.045,9.40,4.589,4166841,0.443,2825230,0.68,0.002048802
"quick_sort_demo",300,163032,21.188,36417,22.337,7.69,4.207,3677935,0.478,2893515,0.79,0.001828796
"prime_custom_demo",7,381480,52.297,81363,21.328,7.29,5.481,7418039,1.017,7753458,1.05,0.001330960
"prime_custom_demo",7000,393997,45.620,61528,15.616,8.64,5.670,7875926,0.912,8685982,1.10,0.001523183
"quick_sort_demo",40000,209791,5.425,54652,26.051,38.67,6.711,17774867,0.460,16097259,0.91,0.005762983
"bubble_sort_demo",50000,149450917,5.084,24765030,16.571,29398.15,7.998,16254082496,0.553,16137516491,0.99,3.675825988
"prime_custom_demo",9,328240,40.656,61587,18.763,8.07,6.663,7164664,0.887,7703990,1.08,0.001211738
"prime_custom_demo",3000000,4612550,3.771,1053205,22.833,1223.12,7.961,651207450,0.532,915300923,1.41,0.153631365
"radix_sort_demo",0,222890,22.413,65758,29.502,9.94,5.757,5806937,0.584,2622005,0.45,0.001727435
"bubble_sort_demo",9,151530,19.715,34381,22.689,7.69,4.731,3554515,0.462,2822564,0.79,0.001624527
"prime_demo",60000000,411557949,2.060,85635762,20.808,199744.71,8.000,103168966104,0.517,118190654481,1.15,24.968803195
"prime_custom_demo",50000,558991,33.849,107104,19.160,16.51,6.659,18607330,1.127,23610239,1.27,0.002480142
"quick_sort_demo",2,185239,21.051,49383,26.659,8.80,4.751,3632468,0.413,2777540,0.76,0.001852296
"prime_custom_demo",3000,346457,49.640,84424,24.368,6.98,6.261,7898966,1.132,8342606,1.06,0.001114744
"radix_sort_demo",40,149116,18.723,35625,23.891,7.96,5.066,3724883,0.468,2817932,0.76,0.001572188
"prime_custom_demo",50,368455,50.839,71908,19.516,7.25,6.355,8201341,1.132,9542201,1.16,0.001140381
"quick_sort_demo",0,155833,18.522,34798,22.330,8.41,5.154,3986197,0.474,2870309,0.72,0.001632454
"radix_sort_demo",50,169719,21.389,41179,24.263,7.93,5.021,3658351,0.461,2794164,0.76,0.001580331
"radix_sort_demo",20000,157379,12.177,37652,23.924,12.92,5.746,6183037,0.478,5359719,0.87,0.002249185
"bubble_sort_demo",900,148393,10.739,32408,21.839,13.82,5.718,6361563,0.460,7509667,1.18,0.002416524
"radix_sort_demo",500,160445,21.819,37893,23.617,7.35,4.552,3554780,0.483,2880436,0.81,0.001615294
"prime_custom_demo",400000,1428892,12.302,375442,26.275,116.16,7.479,101625420,0.875,161029004,1.58,0.015531698
"prime_demo",10000,140386,16.756,34047,24.252,8.38,5.621,3777300,0.451,3471680,0.92,0.001490583
"quick_sort_demo",300,158444,17.826,35742,22.558,8.89,4.613,3874129,0.436,2901545,0.75,0.001926665
"bubble_sort_demo",400,142704,15.835,32884,23.044,9.01,5.451,4181538,0.464,3760173,0.90,0.001653183
"prime_custom_demo",6000,480553,57.992,74929,15.592,8.29,6.249,11077919,1.337,13180068,1.19,0.001325988
"prime_custom_demo",60000,601554,32.702,120126,19.969,18.39,7.612,21760046,1.183,28266547,1.30,0.002416615
"radix_sort_demo",70,256621,34.330,76837,29.942,7.48,5.293,5436820,0.727,5389559,0.99,0.001412152
"prime_custom_demo",1000000,1625902,5.124,421875,25.947,317.34,7.789,190520570,0.600,282166431,1.48,0.040742227
"prime_custom_demo",6000000,3496746,1.201,819884,23.447,2912.60,7.984,1441175898,0.495,2073147254,1.44,0.364803353
"bubble_sort_demo",6000,467662,1.586,192708,41.207,294.92,7.850,140298580,0.476,221874047,1.58,0.037569610
"quick_sort_demo",80000,280305,3.966,82749,29.521,70.67,7.309,33509780,0.474,29625967,0.88,0.009670191
"prime_custom_demo",800000,1449870,5.791,394686,27.222,250.35,7.762,153663376,0.614,232405604,1.51,0.032253900
"bubble_sort_demo",7000,417655,1.054,81591,19.536,396.17,7.828,187675955,0.474,295792743,1.58,0.050607548
"quick_sort_demo",8000,175690,11.258,35418,20.159,15.61,5.659,6316680,0.405,4330823,0.69,0.002757707
"quick_sort_demo",3000,171094,20.040,65862,38.495,8.54,7.252,5101575,0.598,4494458,0.88,0.001177272
"prime_custom_demo",100000,791284,27.347,119643,15.120,28.94,6.827,33721607,1.165,37855242,1.12,0.004238666
"bubble_sort_demo",300,134916,16.233,34011,25.209,8.31,5.686,3890446,0.468,3396417,0.87,0.001461745
"quick_sort_demo",6000,152911,10.482,39460,25.806,14.59,6.189,6982136,0.479,4742071,0.68,0.002356959
"prime_demo",500,140321,17.169,34573,24.639,8.17,4.984,3946285,0.483,2920189,0.74,0.001639750
"radix_sort_demo",0,279065,30.467,120752,43.270,9.16,4.704,3261703,0.356,481505,0.15,0.001947120
"radix_sort_demo",7000,171724,18.390,38122,22.200,9.34,5.587,4385984,0.470,3756198,0.86,0.001671279
"prime_custom_demo",2000,408822,58.745,81069,19.830,6.96,5.060,7566937,1.087,7747920,1.02,0.001375270
"bubble_sort_demo",500,153175,15.691,37962,24.783,9.76,4.959,4582503,0.469,4340701,0.95,0.001968583
"quick_sort_demo",60,225853,21.114,84475,37.403,10.70,5.093,5882331,0.550,4110209,0.70,0.002100311
"quick_sort_demo",80,161922,19.005,36009,22.238,8.52,5.119,3759214,0.441,2832386,0.75,0.001664351
"radix_sort_demo",5,161134,19.912,36664,22.754,8.09,5.057,3867324,0.478,2874569,0.74,0.001600048
"prime_demo",9000,157619,16.605,34361,21.800,9.49,5.044,4379899,0.461,3406942,0.78,0.001882013
"bubble_sort_demo",3,142608,18.495,33717,23.643,7.71,4.685,3852067,0.500,2842579,0.74,0.001645643
"prime_custom_demo",0,354960,52.724,57730,16.264,6.73,4.574,6513725,0.968,7469158,1.15,0.001472000
"quick_sort_demo",4,173593,22.724,41223,23.747,7.64,5.253,3465649,0.454,2856739,0.82,0.001454189
"radix_sort_demo",90000,324155,12.376,56535,17.441,26.19,7.727,11695417,0.447,14168730,1.21,0.003389900
"quick_sort_demo",500000,802649,1.977,149510,18.627,406.03,7.834,193018884,0.475,180668853,0.94,0.051832328
"prime_custom_demo",20,306732,44.101,64788,21.122,6.96,7.067,7301043,1.050,8085050,1.11,0.000984128
"prime_demo",8000000,5026066,0.449,794083,15.799,11199.03,7.994,5367178766,0.479,6527444055,1.22,1.400890283
"prime_demo",5,150278,18.868,35035,23.313,7.96,5.151,3851137,0.484,2824510,0.73,0.001546332
"prime_custom_demo",0,291923,35.483,64783,22.192,8.23,6.842,7982219,0.970,8517018,1.07,0.001202475
"bubble_sort_demo",1000,169768,10.155,41546,24.472,16.72,6.314,7441328,0.445,8635267,1.16,0.002647708
"prime_custom_demo",30000,527206,40.002,89182,16.916,13.18,6.235,12627686,0.958,14383071,1.14,0.002113673
"quick_sort_demo",10000,179466,11.558,38436,21.417,15.53,5.878,6976993,0.449,5713890,0.82,0.002641703
"bubble_sort_demo",5,179438,20.450,37672,20.994,8.77,5.668,3880050,0.442,2688524,0.69,0.001548149
